	Iris-setosa	Iris-versicolor	Iris-virginica
count	50.0	50.0	50.0
mean	5.005999999999999	5.936	6.587999999999998
std	0.3524896872134512	0.5161711470638635	0.635879593274432
min	4.3	4.9	4.9
25%	4.8	5.6	6.2250000000000005
50%	5.0	5.9	6.5
75%	5.2	6.3	6.9
max	5.8	7.0	7.9
